@Akskjd,
@Zhangweinaa,
@sibocah_pejuang_ldr,
@Masu_s,
@rendiwahyu05,
@hwhhsjej,
@moelsuka,
@deboramarch,
@Keepspeed,
@afifudin_ahmad,
@Zehahahahhhhh,
@Poco22222,
@Poco333,
@ru_ay,
@wildappp,
@upstain_wear,
@FBShopHero,
@Pjokcenter,
@Sitihasanah082,
@Dreonix,
@qkrcksduf21,
@shagirastore,
@nknsii,
@Watashira,
@Albisp1,
@Zaysphotos,
@novitadewi,
@Kael0904,
@joshuacp9,
@awzshop,
@Sahirahanafi,
@Milalapo,
@ridahadiyati,
@lavins02,
@ciyuzmo,
@valpolar,
@mintgy,
@Lilichen10,
@ADMNCOMMUNITY,
@sweetcia,
@Felicia_Ale,
@ipehbiru,
@Bertxxxxxxx,
@LaurenWaizo,
@lulilouis,
@Hayuuyaa,
@StrDecrypt,
@Tutikwidya,
@auliaz05,
@Mimlomil,
@indaaahhh,
@oktarvn,
@heyobret,
@Minskah9,
@SyaifulMutifah,
@Mrudy30,
@OwiruO,
@Fuad_Doank,
@akuanakbaik17,
@ocecio,
@Tifa_Latifah,
@IRSYADfashion,
@KevinSaut,
@Infinite087,
@meki25,
@axnxdxh,
@FZelF,
@MarimasJeyuk,
@Fenfencz,
@vanvannesa,
@uliarizki,
@diaprasetya,
@raga_2114,
@kntnggoyengg,
@mamahatha,
@fransisca28,
@prajaaaaa,
@stwn_bayy,
@KUASuruhJOs,
@venn_dny,
@lailyns,
@Dewanti54,
@Daryatiyati,
@Eliza181278,
@Fifizifi,
@Nasihanbrn,
@firda_kha,
@ragil_icadia,
@anonxxmous,
@ZKT620,
@Danziel_DC,
@kiki00123,
@Fihzfr22,
@Ygtfff,
@NaufaldRaihan,
@i_am_determination,
@mhtr7,
@nifsgalery,
@jokosupriyono03,
@Milllaaaaaaa,
@SilvesterSiane,
@Long_keke,
@Panpanyoyo,
@Slamet_pamuji,
@Wimingluk,
@Haduhaduu,
@Handofi,
@TsalputShop,
@Rizki996,
@Lailiytazkiaa,
@isafiilvg,
@Lukman_hakiim,
@m_u_r_n_i,
@Arifhidayatulloh,
@akwoakwi,
@AFFROOT,
@GendutBanet,
@heriariarta,
@ndhspp,
@riyosanto,
@lindsayfmr,
@imyoursvna,
@bisnis_Cuan_Digital,
@iamsinta,
@papahqiano,
@filailina,
@Rystadila,
@ddg_sukmana,
@roseeye,
@Gideonha,
@nailatakadia,
@Saya_Lagi,
@bagaszss,
@Ainchard,
@Eko_bytox,
@Yoooooggsd,
@intanfitriaaiyub,
@laurenagnes,
@adifar,
@em_pritele,
@Danpoy27,
@chanellyn,
@alfintaufiq,
@cokecainne,
@Puri1501,
@zizouarifin,
@excelbouz,
@ardisun,
@dmalvian,
@Yazidilmany,
@GatotPrasetyo88gto,
@Keenanscorner,
@Sylviapiaa,
@blablaap,
@Risweety,
@dioda22,
@iniichelseabng2,
@htosto,
@Hsmnjhik,
@Abrianto88,
@nurimamiati,
@zhnld,
@Adiendakencuy,
@Chococons,
@bigsaleshope,
@sumarlia,
@bayuwibi36,
@rizkycani,
@jinh1t,
@Korieislah,
@bblylavender,
@hieden,
@cheepiia,
@Adam_nopi,
@Idrusander58738,
@abweirdos,
@Batikbenangemas,
@Koenma,
@Bear1700,
@xenielsn,
@deetisna,
@u3wahyuni,
@nabilaputk,
@meoow17,
@mputera,
@sintamnw,
@FelvyS,
@Ash_Turnabout,
@denisetiawan26,
@Cukuptuh,
@angeliaclaire,
@Itsmehrtnn,
@Angela2109,
@susanthiee,
@NYIENKk,
@ayulekhaaa,
@EN_Heaven,
@Melsep,
@wahyubudiaji,
@Pantih,
@nvtaa03,
@angellusss,
@qyboth,
@therazora,
@Adyarnd,
@NaylaAzkiya,
@akuummah,
@cadeecollection,
@perfectlyfit,
@birgitadea,
@Indahfakhrana_88,
@nrulftriah,
@nyetirati,
@Elfirarosa2012,
@risanugerah,
@lisetteloui,
@vinnyrns,
@Tanz85G,
@RIDAA10,
@Awan_00100,
@shintaanggrainis,
@tanyacrisanta,
@philaphilos,
@black_aca,
@namelnawi,
@iyos007,
@ArchippusCH,
@marisa_lii,
@Raden_rahayu,
@wipraadguna,
@aiemyors,
@hannyjunior,
@Okta_15,
@SyahrulRegal,
@sembuhkanaku,
@nurulannisa0,
@citraerika,
@galangs9,
@Elisabonnie,
@spiderheroo,
@hasnakarimah,
@agenherbaljogjaa,
@anazhhh,
@Budionotho,
@Johnfucehan,
@Arif229,
@Mochamad_Masyhudi,
@rifkihrdwn,
@eyyoooww,
@Budiono_99,
@yoesak,
@paksinasikuy,
@thisischeeze,
@Ndiidn,
@primamel,
@dilasp96,
@hendrasaurus,
@rmai3,
@hppymeeal,
@Billll123,
@Budjangnam,
@rahdyi,
@bill_dan_jaris,
@ardyanti03,
@Puspa212,
@adamkenzoo,
@vyogatan,
@salimshadyy,
@Triswari,
@m_afrizalnh027,
@Dzakuy,
@Bledektimur,
@Andikarizkyprasetya_11,
@Amaliaalily,
@adivw,
@nadnud1320,
@Zailasr,
@Weoisme,
@Melaaml,
@Widy118,
@Andalusia24,
@Manjasad,
@jjkjrsn,
@Bpkliono,
@puspameong,
@mamazon48,
@hanadwikk,
@ceuwii,
@Avrydut,
@saraswati_id,
@kimsewan,
@AdhieKalisno,
@vnpta,
@ardira_amd,
@agpr26,
@isntjan,
@cb25ribudibibit,
@nopaeo,
@llwOopie,
@Tarigustiana,
@keselektorpedo,
@Virgifirtanto,
@kentanglocal,
@J3551_08,
@NataliaPuspi,
@sellyang,
@Lololilipop,
@anggawin,
@Awe_pe,
@EunieKim,
@emilincs,
@ywo_widdi,
@dickyyus,
@Khasaras,
@roihab,
@OniUclit_007,
@Yanthiechan,
@ernovitami,
@tri_ichsan,
@vraawjy,
@abdullatifreal,
@Alexahhhhh,
@lanaa_land,
@Devvydevvy94,
@Nurlita18,
@anikafril,
@fckingarga1,
@MissTery007,
@IkaNurWidi,
@Kigarangan29,
@faldhyyoga,
@kelompencapir,
@finkanur,
@safirasalwa18,
@mkhoirulihwan,
@Fws080808,
@Agungds07,
@Iisrifianti,
@I5t14174,
@Saansb,
@Senthut,
@F_Fath_R,
@akunyunei22r,
@arinasalsa,
@Lee_yha,
@wanda_nzry,
@she283,
@syerenguns,
@crumblecake4,
@denyfredi,
@SsDanzz,
@Ronaldoadi,
@RUSDISETIAWAN,
@kungfu_komang,
@Mauliizan,
@Marble009,
@audyzhafira,
@ririnsfabrie,
@LeshaSyabrina2010,
@fnndl,
@midnighttea3,
@NeniMrynAtharrazka,
@luismurti,
@ssasakim,
@MetaCantika,
@Toriq_Faturahman,
@hansz_t,
@veidlayf,
@teddyandreas777,
@helloimginaa,
@cuttfn,
@whitefloweryelo,
@Moramoci,
@miiinnnsss,
@yeste01,
@Nissa_khy,
@ndywl,
@Vidyacitras,
@Siti666,
@vanitp,
@Yenief,
@Dlinoz,
@Eztherw,
@BlossomSanz,
@EXCELMO_9,
@MOCCAJACK,
@EurickaMS,
@Riyan903,
@Froach,
@cavlinavlin,
@avlincavlin,
@hanafi1512,
@elidheaa,
@chacoy,
@bnjnbr,
@byolbyol,
@MAU_17,
@Hans_Arifin,
@Vanteeeeeeeeeeee,
@khaerulkun,
@inipeople,
@devitaniaprtw,
@Allanmlna,
@snowmantt,
@Brian_Denmas,
@dalddagorii,
@arisssj,
@Skip_aja_gak_guna,
@Taufik533,
@YK3737,
@helmiibrhmefnd,
@mganxx,
@Kimeunie,
@Mejikuhibiniu94,
@slwwaaa,
@fullloooooo,
@kh0f9f4hnp,
@kippply,
@AprianAjiNurhidayat,
@enrickos,
@ivbnu,
@jesslinj,
@tataprisdiani,
@Genesisvinz,
@Chaca1999,
@dwibawati,
@Radenuzi89,
@faliqisbah02,
@SAM_JALU,
@Samuel01908,
@nangyog,
@HijRahbyNiQ0B,
@hajdhbs,
@Izahfaiz8,
@peoplejamanow,
@nahdasyifa,
@GA7585,
@Armyoflight777,
@ajenganggrayni,
@fasyaa_id,
@imamsafei10,
@Comfitstoresby,
@gedainnn,
@deboohh,
@LuckyTrader88,
@Bekeye1,
@daffodilr,
@desidesiana,
@WISNUAZARIAWIBISONO,
@yudiprasadi,
@Ratna0710,
@Farhanasik,
@Tasyamanalu,
@Clardirga,
@Alinando,
@wtrprds0,
@toniananta,
@DstWulandari,
@Sucilubis04,
@Vinels,
@ratuchika,
@Rach19,
@DaffaRamadan,
@Andiyahsasssss,
@Kamu_qyut,
@amaliajewelry,
@kurniaPO,
@kajwjwbbebejapq,
@Rafisqy12,
@firgihermansah,
@Dian_kuy,
@AgusUbed,
@bmw_2020Y,
@htfnsabila,
@ArisRismayana,
@ismawiyah,
@nuwyyyy,
@Krishbn,
@smilehobi,
@eh_kepo,
@Tikacacaisreal,
@liajakaria,
@matoushinji,
@Dnjsbdbdb,
@ilham_wardhana,
@hliep,
@nbonaa,
@jesslyn_callista,
@EXCELFERO16,
@trisuha,
@faisHalHQ,
@ruthdwiyana,
@randombullshitgobrrr,
@Fsujiantoro,
@Miichangwook,
@amandaarellya,
@Mayichan,
@Anna_hafizh,
@dianakathleensummer,
@Mifranz,
@Vijonta,
@piaay,
@DikaPratama20,
@Alonso76,
@nadhiraasl,
@Rini_Anggarini,
@Q_neta,
@Honey29,
@garasinuna70,
@rb_chrypto,
@Kangrusuhyyy,
@rinanuwati,
@Dzakyzidane,
@Febriana_sftr,
@DavidPriyanto,
@midparterner,
@nj_nanda,
@Fiiaa8,
@akuuuuuuuuuuuuuuuuuuuuuuuuuuuuu,
@Elfasco,
@Vhenny_shoe,
@winzatanazon,
@Faturs26,
@kirarq,
@sonofman1844,
@Qintro,
@niaariska23,
@dwiiijayati,
@sanusi1084,
@Strwbrrybnn,
@nofis_madu,
@povay,
@hansolalalala,
@zantstore,
@Arina_tri,
@helviraylska23,
@KaokaCellular,
@MintCool,
@FilzFr,
@Bilqismuwasyah,
@Velora344,
@Adgjl_01,
@cantikl,
@susilo2217,
@Skokq,
@axnizsa,
@Zulhiss,
@giyhai,
@melissamaya,
@Nyofen,
@NiYou_Shop,
@Zyvtr,
@Nick_ckita,
@Mimiw04,
@Mutedl,
@Bungaran_m,
@erenkuyang,
@koolattae,
@Kikykitt,
@anakbawan3,
@sendyhar,
@RizalBF,
@candrajoee,
@Shendyss,
@amandanugrah,
@Tifaniyulianti,
@Auuliaa6,
@Jassiesoe,
@Baby_vano_375,
@Sujibah,
@pulvpe,
@Paishol,
@jagothriftstore,
@Budhiardjo,
@fangirlzxo,
@onahhano,
@almanursafitri,
@tettysembiring,
@Imyongki,
@Kimeuniee,
@Mphiesofie,
@Wildresst,
@sefiafia,
@kadekmahaputra,
@Wakshop,
@nathania9489,
@Tifaaja,
@Sinuub,
@f_ramadhaniiiiii,
@Byull12,
@Rha_namjoon09,
@masbraam,
@Luvicecream,
@Naiilil,
@Tyyo14,
@alis_tipis,
@dieyahs,
@Ohnanalala,
@its_syyaaa,
@Ghiffariniff,
@Aku12333,
@Fahrul2020,
@florettatianto,
@Kamilaa_ks,
@Arun_Dati,
@Indahpitria3,
@Teguar01,
@HASRULDANI,
@ussamah1987,
@adew2,
@muteyly,
@AFCELL01,
@Andr34s74,
@rkecil7,
@Nurulfadia,
@RL_16,
@Nurulfh,
@Alawiyyah04,
@sallxlaa,
@Orihoneycom,
@mstf04,
@namakamusendiri,
@Bellaaa_erl,
@qugwdebuq,
@yoniharyono,
@ml4ur4,
@Livia_lyly,
@snorlax007,
@tedhy,
@rafnong,
@imbeyondgreat,
@Firmanakbarr,
@M_manalu55,
@Shelvyel,
@Aqifaa,
@Ajalw_8,
@Mayyaaaam,
@Adekrnwnnn,
@algifernanda,
@h4rtono,
@Adiliahana,
@KittyQitty,
@Wiwit_nabil17,
@adityayafi,
@RacKa08,
@b3moscooterist,
@Hafidz151,
@Elfridahsitohang,
@TissuMagik,
@xavallon,
@Silvarina,
@Devafern,
@onlyoneprivts,
@muhammadukasyah,
@WeningPrastiwi,
@Hennykusumawatiy,
@snovish,
@Rifki74,
@Theofilus21,
@Kenalyakita,
@kepoluaha,
@melaniezr,
@ShvaKirana728,
@moccono,
@baehaqiiii,
@rachmimaiyunita,
@wellyjoon,
@Amanjaya88,
@thyywe,
@thyywe,
@Inamarlina18,
@simonfrady,
@JCSCOD,
@Ilmupadiiii,
@ekkyindd,
@nikenajengr,
@Smarlele,
@ArniSeptiawati,
@qiyyaaa,
@wahyuekacandra,
@novanalferino,
@biithch,
@fitrianagantengyakan,
@NYstore94,
@sayangkuuuuuuuuuuuuuuuu,
@azrafarzana7,
@hafshahns,
@ririiilaaa,
@jamessurya,
@Hasanwar5088,
@Kayatun5579,
@woonuuu,
@RifkiPadilah10,
@witiacurtis,
@ftraull,
@zulfibaguss,
@liemlotus,
@Ery_phang,
@Rudiansyan,
@Buka_Dagangan,
@Ir823,
@VIVIN_NA,
@miecieliem,
@markonyouu,
@JCSCODCS,
@iamMRcha,
@hello_trisma,
@Alfisahrf,
@esra17,
@MrRidwan,
@Uzzyy,
@Rvv098,
@melissa8989,
@Yudixio,
@jilbabshopjepara,
@yolanggie,
@arifbudianto13,
@virhanpp,
@hanaarmilla,
@Osotnass,
@taeitoo,
@KevinAngel12,
@SyarifahThalhah,
@Hendro_kusuma1,
@Firman971,
@anyonehere13,
@qwertyuipasdfghjklzxc,
@fahrudinyuniwinanto,
@loneliness88,
@royhanul123,
@KabelUTP,
@nnnsyxj,
@rtnd0,
@HRVariasimobil,
@Rayrendra,
@trianglenetwork333,
@arif_baskoro,
@prayogahidayat,
@dosuniversum,
@Pao4040,
@lezhmn,
@JusLeci,
@Mamafizhan18,
@Lupiii9,
@Faradjdo,
@cpkblgkgn,
@CORMIX,
@annsarsky,
@jauhaza,
@N1312324321,
@Dominicus88,
@Destaputranto,
@kurkur_nia,
@eric_sap,
@aldifrmntt,
@Adm_galerishopsby,
@fathurrakhman18,
@andrianlbs,
@abraham_sylvester,
@anjarsteven,
@Arifflu,
@SLEEPYKlD,
@aridaryanto,
@Anamazingss,
@CLOSENOW,
@Scandriashop,
@nae5895,
@Firmanakhbar,
@sofyanhadi4u,
@AuliyaIntanPertiwi,
@LaSyifa_shopp,
@Vinoadi,
@robin928578,
@Okhahahahha,
@Nabisula,
@Sugiyanto1202,
@candra_three,
@StevenFann,
@DranzZ_Store,
@ridavanmf,
@emrokhman,
@PanggilsajaQEY,
@Aldifarkhanali,
@sugafauzi,
@fikriumam,
@wardatulmusfiroh,
@RCP_16,
@uttarpn,
@DonPekik,
@xxcacaa,
@Wahyu3477,
@icyano18,
@kakdanang,
@farhannishak,
@bilamungkin,
@K_77zzhh,
@dialagidialagi,
@YULITARII,
@cetakedibleid,
@irfansuliswanto,
@kynadya,
@jefrie86,
@deltamatherbal,
@Irvvns,
@Nyong_10,
@mikeangg,
@useridwasused,
@sukunajutsu,
@Indahramdhani,
@neryharti,
@nurie_dl,
@tazkiakamilia,
@mochidrissetyama,
@adinurhadii,
@Rna_28,
@Bk170wi,
@Oktaaa05,
@FajarAkbarTM,
@Akugatau1,
@Batik_Alghibran,
@fauzaniagam,
@Apaaja20,
@molozip,
@geezkey5,
@HSG888,
@masqolbi,
@Madanie007,
@NizarulAsror,
@shantigayatri48,
@tolluena,
@marioerlanda,
@MiiU099,
@rrikafz,
@Tristyarini,
@pacarnyachoisoobinnn,
@peachygummybear,
@Putri_kurnia21,
@arif_rho,
@plisketpremium,
@pbr87,
@Brorabror,
@ewinkcorp,
@maulanamalikjb,
@KudaLaut111,
@efnaanggen,
@Raihanzzain,
@teddikusuma,
@losyeen,
@Tulangdaun,
@youhav3me,
@Razara12,
@riyansyahfikri,
@DhaniAhmad,
@Lyneeli,
@RindaTwin,
@MAZBEAN,
@siditooo,
@blurbboy,
@anggreaniumar,
@Vellyn_cantikz,
@mc_yy,
@anisaputrialfitri,
@Lista_ns,
@Nasyiasiva,
@papiiiiiiichuolooo,
@mengkecesibossy,
@dewanggagalih,
@kevinargio,
@aca_alxxdr,
@Xeychila,
@Cahayanieee,
@hyegi08,
@indahnurilahi,
@aurazyx,
@ruru_Na_S,
@KING_GAZPOL,
@blackid33,
@Nunuyann,
@Xynth_xyn,
@Septianadewisusanti,
@rhylinb,
@Lianaaah,
@lulipujiastuti,
@pradana11,
@Auroow,
@babyshark1000,
@jekeyyymii,
@Alifeu,
@nuurii2403,
@Cemiuw,
@D41V137,
@minyakkasturireal,
@Putridea221,
@Dalastafurniture,
@kthramy,
@MrAldojr,
@SaudagarSontoloyo,
@DCR_21,
@DaudSadikin,
@syifantastic,
@Fitanara,
@Dyahika,
@kaffah_btk,
@JeonLina07,
@zuexxy,
@Ajbatik,
@Ahmadfadeli25,
@Maudy_Ayuna,
@saeful_26,
@hal_za1,
@Lexxa_nabila01,
@sturnuspluto,
@dhita_estya,
@PeterOcta,
@bluebookair,
@Farikha_zzah,
@widi_kuworo,
@semestaasemestaa,
@senjakala96,
@Perintisterpercaya,
@irfansyah95,
@yantotjhia,
@Alfinnuralif,
@WellyCD,
@melasilvia,
@Aruss_air,
@Wldsfryh,
@jdaeee,
@rsnrsl,
@Ochasholihah,
@Raetna,
@Willocta,
@ngebass,
@mr_clla,
@Rikosep,
@Liagef,
@PurbaCitra,
@jihannnhmr,
@Ay_hwn08,
@Yufiitaa,
@yumna01919,
@woojinzs,
@singgihcenter,
@shlnctra,
@Asl_aksesoris,
@Almiwaa,
@yps529,
@dkrikkrik,
@acclez,
@Natavi25,
@TheLuckyDarkBlue,
@reselleryuapps,
@Redandbloom,
@dizzybastard,
@Salmanmenn,
@kendo1979,
@Naasina,
@ridwandlt,
@afiliasiprograms,
@teaaayaa,
@ali19fauzi,
@gulamerah1,
@MasDanna,
@ain_taehyung,
@Manggo17,
@ZavaDeandraaaa,
@Ikichuuu,
@Gemaria,
@alyamaharatu7226,
@Roserosie3,
@BillyDeKids,
@Purpur68,
@Takttauu,
@sjsggzunsbsusbshsg,
@dhitaasptn,
@Hestiajo,
@Andr4999,
@carmyla,
@ZAKURA_ID,
@AnandaHart,
@doyanesteh,
@Karavellaaa,
@achien96,
@wakii_ng,
@lowbjd,
@Egolll6,
@eginayy,
@hilmyzaini,
@mawardej,
@Metaloid14,
@Shintya_Dewi_Budiono,
@JoeW11,
@Vvselvy,
@aprii94,
@wlnnnnnnnnnnnnn,
@dhiyahalfts,